,Messstelle,LQI<sub>BW</sub>,NO<sub>2</sub> [µg/m<sup>3</sup>],O<sub>3</sub> [µg/m<sup>3</sup>],PM<sub>10</sub> [µg/m<sup>3</sup>],"PM<sub>2,5</sub> [µg/m<sup>3</sup>]",Kategorie,Reg.-Bez.,extra_0,extra_1,extra_2,extra_3
0,Aalen,2.0,3,3,7.0,71.0,9.0,10,5.0,5,städt. Hgr.,S
1,Baden-Baden,2.0,2,4,15.0,50.0,12.0,12,6.0,6,städt. Hgr.,KA
2,Bernhausen,2.0,3,3,24.0,16.0,13.0,13,7.0,7,städt. Hgr.,S
3,Biberach,2.0,2,3,15.0,12.0,13.0,14,8.0,8,städt. Hgr.,TÜ
4,Eggenstein,2.0,2,4,19.0,24.0,16.0,16,8.0,8,städt. Hgr.,KA
5,Freiburg,2.0,3,4,10.0,70.0,13.0,13,7.0,7,städt. Hgr.,FR
6,Freiburg Schwarzwaldstraße,2.0,2,3,,,13.0,13,7.0,7,Verkehr,FR
7,Friedrichshafen,2.0,2,3,14.0,30.0,14.0,14,9.0,9,städt. Hgr.,TÜ
8,Gärtringen,2.0,2,3,5.0,57.0,10.0,10,5.0,5,städt. Hgr.,S
9,Heidelberg,2.0,3,4,7.0,55.0,12.0,13,7.0,7,städt. Hgr.,KA
10,Heilbronn,2.0,2,3,25.0,,12.0,13,6.0,7,städt. Hgr.,S
11,Heilbronn Weinsberger Straße-Ost,2.0,3,3,23.0,,,,,,Verkehr,S
12,Karlsruhe Reinhold-Frank-Straße,3.0,3,4,51.0,,21.0,21,11.0,11,Verkehr,KA
13,Karlsruhe-Nordwest,2.0,3,4,40.0,,18.0,18,10.0,10,städt. Hgr.,KA
14,Kehl,2.0,3,4,23.0,37.0,,,,,städt. Hgr.,FR
15,Konstanz,2.0,2,3,13.0,31.0,15.0,16,9.0,9,städt. Hgr.,
16,Ludwigsburg,2.0,3,3,13.0,63.0,11.0,12,6.0,7,städt. Hgr.,S
17,Ludwigsburg Schlossstraße,2.0,3,3,26.0,,17.0,18,7.0,8,Spot (kontinuierlich),S
18,Mannheim Friedrichsring,2.0,3,4,34.0,,19.0,21,9.0,10,Verkehr,KA
19,Mannheim-Nord,2.0,3,4,33.0,16.0,16.0,18,8.0,9,städt. Hgr.,KA
20,Neuenburg,2.0,2,4,17.0,41.0,12.0,12,6.0,6,städt. Hgr.,FR
21,Pforzheim,2.0,2,4,11.0,45.0,14.0,14,7.0,8,städt. Hgr.,KA
22,Pforzheim Luisenstraße,2.0,3,3,24.0,,18.0,19,10.0,10,Spot (kontinuierlich),KA
23,Reutlingen,2.0,3,3,15.0,45.0,11.0,12,6.0,7,städt. Hgr.,TÜ
24,Reutlingen Lederstraße-Ost,2.0,2,3,22.0,,11.0,12,7.0,7,Verkehr,TÜ
25,Schramberg Oberndorfer Straße,,1,3,,,,,,,Verkehr,FR
26,Schwarzwald-Süd,1.0,4,4,1.0,,9.0,9,5.0,5,ländl. Hgr.,FR
27,Schwäbisch Hall,1.0,2,3,11.0,22.0,10.0,11,6.0,6,städt. Hgr.,S
28,Schwäbische Alb,3.0,3,3,2.0,114.0,9.0,9,4.0,5,ländl. Hgr.,TÜ
29,Stuttgart Hauptstätter Straße,2.0,2,3,21.0,,12.0,13,7.0,7,Spot (kontinuierlich),S
30,Stuttgart Hohenheimer Straße,2.0,2,3,21.0,,,,,,Spot (kontinuierlich),S
31,Stuttgart-Bad Cannstatt,2.0,2,3,,42.0,15.0,15,6.0,7,städt. Hgr.,S
32,Tauberbischofsheim,1.0,2,3,7.0,17.0,9.0,9,4.0,5,städt. Hgr.,S
33,Tübingen Mühlstraße,2.0,3,3,38.0,,16.0,17,8.0,9,Spot (kontinuierlich),TÜ
34,Ulm,2.0,2,3,14.0,28.0,15.0,15,8.0,8,städt. Hgr.,TÜ
35,Villingen-Schwenningen,1.0,2,4,15.0,24.0,11.0,11,7.0,7,städt. Hgr.,FR
36,Weil am Rhein,1.0,2,4,10.0,,11.0,11,5.0,5,städt. Hgr.,FR
37,Wiesloch,2.0,3,4,5.0,73.0,10.0,10,5.0,5,städt. Hgr.,KA
